,parcelid,logerror,airconditioningtypeid,architecturalstyletypeid,basementsqft,bathroomcnt,bedroomcnt,buildingclasstypeid,buildingqualitytypeid,calculatedbathnbr,decktypeid,finishedfloor1squarefeet,calculatedfinishedsquarefeet,finishedsquarefeet12,finishedsquarefeet13,finishedsquarefeet15,finishedsquarefeet50,finishedsquarefeet6,fips,fireplacecnt,fullbathcnt,garagecarcnt,garagetotalsqft,hashottuborspa,heatingorsystemtypeid,latitude,longitude,lotsizesquarefeet,poolcnt,poolsizesum,pooltypeid10,pooltypeid2,pooltypeid7,propertycountylandusecode,propertylandusetypeid,propertyzoningdesc,rawcensustractandblock,regionidcity,regionidcounty,regionidneighborhood,regionidzip,roomcnt,storytypeid,threequarterbathnbr,typeconstructiontypeid,unitcnt,yardbuildingsqft17,yardbuildingsqft26,numberofstories,fireplaceflag,structuretaxvaluedollarcnt,taxvaluedollarcnt,assessmentyear,landtaxvaluedollarcnt,taxamount,taxdelinquencyflag,taxdelinquencyyear,censustractandblock,month_buyed,day_buyed,builded_buyed,county
29263,17096131,-0.0502,,,,2.0,3.0,,,2.0,,,,,,,,,6111.0,,2.0,2.0,0.0,,,34293600.0,-119151000.0,,,,,,,1129,266.0,,61110012.012,26965.0,2061.0,,97084.0,0.0,,,,,,,,,79000.0,119034.0,2015.0,40034.0,1320.02,,,,4,27,507.0,0
33076,17096129,-0.0398,,,,2.5,3.0,,,2.5,,,,,,,,,6111.0,,2.0,2.0,0.0,,,34293600.0,-119151000.0,,,,,,,1129,266.0,,61110012.012,26965.0,2061.0,,97084.0,0.0,,1.0,,,,,,,79000.0,119034.0,2015.0,40034.0,1320.02,,,,5,6,516.0,0
15599,17200200,-0.0921,,,,2.5,3.0,,,2.5,,839.0,1971.0,1971.0,,,839.0,,6111.0,,2.0,2.0,0.0,,,34278622.0,-118875878.0,,,,,,,1129,266.0,,61110076.121002,25974.0,2061.0,,97097.0,6.0,,1.0,,,,,2.0,,222355.0,286489.0,2015.0,64134.0,3327.94,,,,3,10,820.0,0
47910,17057427,0.0119,,,,1.0,2.0,,,1.0,,908.0,908.0,908.0,,,908.0,,6111.0,,1.0,2.0,420.0,,,34449820.0,-119229782.0,4356.0,,,,,,1111,261.0,,61110009.031,13091.0,2061.0,,97099.0,4.0,,,,,,,1.0,,143909.0,287818.0,2015.0,143909.0,3927.6,,,,6,21,15681.0,0
23821,162960829,-0.0704,,,,2.0,3.0,,,2.0,,1650.0,1650.0,1650.0,,,1650.0,,6111.0,1.0,2.0,2.0,460.0,,,34275194.0,-118756713.0,7200.0,,,,,,1111,261.0,,61110079.043008,27110.0,2061.0,,97118.0,6.0,,,,,,,1.0,,175143.0,270669.0,2015.0,95526.0,3248.82,,,,4,8,15968.0,0
66500,17063524,-0.1393,,,,2.0,4.0,,,2.0,66.0,1378.0,1378.0,1378.0,,,1378.0,,6111.0,1.0,2.0,2.0,520.0,,,34410620.0,-118912460.0,10995.0,,,,,,1110,261.0,,61110003.022069,18098.0,2061.0,,97094.0,8.0,,,,,234.0,,1.0,,67578.0,98498.0,2015.0,30920.0,1094.92,,,,8,16,18616.0,0
126,17188935,-0.002,,,,0.0,0.0,,,,,,,,,,,,6111.0,,,,,,,34211295.0,-119027964.0,13581.0,,,,,,1111,261.0,,61110056.003,51239.0,2061.0,,97091.0,0.0,,,,,,,,,,204653.0,2015.0,204653.0,2254.2,,,,1,4,,0
1408,17188934,0.0695,,,,0.0,0.0,,,,,,,,,,,,6111.0,,,,,,,34211295.0,-119027964.0,7797.0,,,,,,1111,261.0,,61110056.003,,2061.0,,,0.0,,,,,,,,,,138876.0,2015.0,138876.0,1547.88,,,,1,8,,0
3074,17112283,-0.0812,,,,0.0,0.0,,,,,,,,,,,,6111.0,,,,,,,34249594.0,-119170848.0,5196.0,,,,,,1014,269.0,,61110050.041076,13150.0,2061.0,,97107.0,0.0,,,,,,,,,,84000.0,2015.0,84000.0,2556.64,,,,1,15,,0
3293,17205384,-0.1031,,,,0.0,0.0,,,,,,,,,,,,6111.0,,,,,,,34304152.0,-118870389.0,11699.0,,,,,,1014,269.0,,61110076.131002,25974.0,2061.0,,97097.0,0.0,,,,,,,,,,284293.0,2015.0,284293.0,4972.48,,,,1,19,,0
3755,17266056,-0.5175,,,,0.0,0.0,,,,,,,,,,,,6111.0,,,,,,,34181296.0,-118911940.0,,,,,,,1129,266.0,,61110059.082005,34278.0,2061.0,46736.0,96351.0,0.0,,,,,,,,,,159641.0,2015.0,159641.0,1789.38,,,,1,20,,0
4338,17188871,-0.0263,,,,0.0,0.0,,,,,,,,,,,,6111.0,,,,,,,34211295.0,-119027964.0,5678.0,,,,,,1111,261.0,,61110056.003,51239.0,2061.0,,97091.0,0.0,,,,,,,,,26000.0,216000.0,2015.0,190000.0,2386.52,,,,1,22,,0
4522,17196550,-0.2472,,,,0.0,0.0,,,,,,,,,,,,6111.0,,,,,,,34273297.0,-118871370.0,17186.0,,,,,,1014,269.0,,61110076.101,25974.0,2061.0,,97097.0,0.0,,,,,,,,,,35953.0,2015.0,35953.0,448.82,,,,1,22,,0
6690,17188954,-0.005,,,,0.0,0.0,,,,,,,,,,,,6111.0,,,,,,,34211295.0,-119027964.0,7205.0,,,,,,1111,261.0,,61110056.003,,2061.0,,,0.0,,,,,,,,,,138876.0,2015.0,138876.0,1546.06,,,,2,1,,0
7330,17205324,0.0334,,,,0.0,0.0,,,,,,,,,,,,6111.0,,,,,,,34306031.0,-118868526.0,11812.0,,,,,,1014,269.0,,61110076.131002,25974.0,2061.0,,97097.0,0.0,,,,,,,,,,284293.0,2015.0,284293.0,8857.16,,,,2,3,,0
7391,17188869,0.01,,,,0.0,0.0,,,,,,,,,,,,6111.0,,,,,,,34211295.0,-119027964.0,5484.0,,,,,,1111,261.0,,61110056.003,51239.0,2061.0,,97091.0,0.0,,,,,,,,,23000.0,213000.0,2015.0,190000.0,2354.5,,,,2,4,,0
7434,17188856,0.0402,,,,0.0,0.0,,,,,,,,,,,,6111.0,,,,,,,34211295.0,-119027964.0,5522.0,,,,,,1111,261.0,,61110056.003,51239.0,2061.0,,97091.0,0.0,,,,,,,,,23000.0,213000.0,2015.0,190000.0,2354.5,,,,2,4,,0
7785,17112824,-0.1427,,,,0.0,0.0,,,,,,,,,,,,6111.0,,,,,,,34253842.0,-119168175.0,4858.0,,,,,,1014,269.0,,61110050.041019,13150.0,2061.0,,97107.0,0.0,,,,,,,,,,84745.0,2015.0,84745.0,2463.58,,,,2,5,,0
7796,17112826,-0.045,,,,0.0,0.0,,,,,,,,,,,,6111.0,,,,,,,34253979.0,-119168451.0,4858.0,,,,,,1014,269.0,,61110050.041019,13150.0,2061.0,,97107.0,0.0,,,,,,,,,,84745.0,2015.0,84745.0,2463.58,,,,2,5,,0
7797,17112827,-0.1462,,,,0.0,0.0,,,,,,,,,,,,6111.0,,,,,,,34254064.0,-119168631.0,4587.0,,,,,,1014,269.0,,61110050.041019,13150.0,2061.0,,97107.0,0.0,,,,,,,,,,84745.0,2015.0,84745.0,2412.72,,,,2,5,,0
7846,17112286,-0.0305,,,,0.0,0.0,,,,,,,,,,,,6111.0,,,,,,,34249360.0,-119170579.0,3643.0,,,,,,1014,269.0,,61110050.041076,13150.0,2061.0,,97107.0,0.0,,,,,,,,,,84000.0,2015.0,84000.0,2090.84,,,,2,5,,0
8103,17188852,-0.004,,,,0.0,0.0,,,,,,,,,,,,6111.0,,,,,,,34211295.0,-119027964.0,5598.0,,,,,,1111,261.0,,61110056.003,51239.0,2061.0,,97091.0,0.0,,,,,,,,,26000.0,216000.0,2015.0,190000.0,2386.52,,,,2,8,,0
8152,17188868,-0.004,,,,0.0,0.0,,,,,,,,,,,,6111.0,,,,,,,34211295.0,-119027964.0,5510.0,,,,,,1111,261.0,,61110056.003,,2061.0,,,0.0,,,,,,,,,26000.0,216000.0,2015.0,190000.0,2386.52,,,,2,8,,0
8344,17205116,-0.0377,,,,0.0,0.0,,,,,,,,,,,,6111.0,,,,,,,34298416.0,-118878340.0,13671.0,,,,,,1014,269.0,,61110076.061008,25974.0,2061.0,,97097.0,0.0,,,,,,,,,,218136.0,2015.0,218136.0,2426.5,,,,2,9,,0
8998,17266054,-0.3285,,,,0.0,0.0,,,,,,,,,,,,6111.0,,,,,,,34181636.0,-118911935.0,,,,,,,1129,266.0,,61110059.082005,34278.0,2061.0,46736.0,96351.0,0.0,,,,,,,,,,159641.0,2015.0,159641.0,1789.38,,,,2,11,,0
9153,17112930,-0.0481,,,,0.0,0.0,,,,,,,,,,,,6111.0,,,,,,,34247880.0,-119173191.0,4858.0,,,,,,1014,269.0,,61110050.041,13150.0,2061.0,,97107.0,0.0,,,,,,,,,,84745.0,2015.0,84745.0,2463.58,,,,2,12,,0
9532,17112909,0.0178,,,,0.0,0.0,,,,,,,,,,,,6111.0,,,,,,,34249395.0,-119168859.0,3903.0,,,,,,1014,269.0,,61110050.041,13150.0,2061.0,,97107.0,0.0,,,,,,,,,,86459.0,2015.0,86459.0,2197.92,,,,2,16,,0
9855,17112907,0.0257,,,,0.0,0.0,,,,,,,,,,,,6111.0,,,,,,,34232295.0,-119174659.0,3969.0,,,,,,1014,269.0,,61110030.12,13150.0,2061.0,,97107.0,0.0,,,,,,,,,,86459.0,2015.0,86459.0,2217.48,,,,2,17,,0
10273,17112929,-0.1233,,,,0.0,0.0,,,,,,,,,,,,6111.0,,,,,,,34247880.0,-119173191.0,4858.0,,,,,,1014,269.0,,61110050.041,13150.0,2061.0,,97107.0,0.0,,,,,,,,,,84745.0,2015.0,84745.0,2463.58,,,,2,18,,0
10300,17188849,-0.001,,,,0.0,0.0,,,,,,,,,,,,6111.0,,,,,,,34211295.0,-119027964.0,5681.0,,,,,,1111,261.0,,61110056.003,51239.0,2061.0,,97091.0,0.0,,,,,,,,,26000.0,216000.0,2015.0,190000.0,2386.52,,,,2,19,,0
10389,17112928,-0.079,,,,0.0,0.0,,,,,,,,,,,,6111.0,,,,,,,34247880.0,-119173191.0,4858.0,,,,,,1014,269.0,,61110050.041,13150.0,2061.0,,97107.0,0.0,,,,,,,,,,84745.0,2015.0,84745.0,2463.58,,,,2,19,,0
10437,17112908,0.0119,,,,0.0,0.0,,,,,,,,,,,,6111.0,,,,,,,34249395.0,-119168859.0,3903.0,,,,,,1014,269.0,,61110050.041,13150.0,2061.0,,97107.0,0.0,,,,,,,,,,86459.0,2015.0,86459.0,2197.92,,,,2,19,,0
10551,17112906,0.0188,,,,0.0,0.0,,,,,,,,,,,,6111.0,,,,,,,34249395.0,-119168859.0,4835.0,,,,,,1014,269.0,,61110050.041,13150.0,2061.0,,97107.0,0.0,,,,,,,,,,86459.0,2015.0,86459.0,2477.12,,,,2,19,,0
10570,17188957,-0.1132,,,,0.0,0.0,,,,,,,,,,,,6111.0,,,,,,,34206064.0,-119022558.0,6800.0,,,,,,1111,261.0,,61110056.00305,51239.0,2061.0,,97091.0,0.0,,,,,,,,,,138876.0,2015.0,138876.0,1544.26,,,,2,19,,0
10613,17188948,-0.0212,,,,0.0,0.0,,,,,,,,,,,,6111.0,,,,,,,34206502.0,-119022130.0,9004.0,,,,,,1111,261.0,,61110056.00305,51239.0,2061.0,,97091.0,0.0,,,,,,,,,,138876.0,2015.0,138876.0,1551.54,,,,2,19,,0
10796,17188960,-0.0429,,,,0.0,0.0,,,,,,,,,,,,6111.0,,,,,,,34206061.0,-119021876.0,6900.0,,,,,,1111,261.0,,61110056.00305,51239.0,2061.0,,97091.0,0.0,,,,,,,,,,138876.0,2015.0,138876.0,1544.26,,,,2,22,,0
11336,17112927,-0.0715,,,,0.0,0.0,,,,,,,,,,,,6111.0,,,,,,,34247880.0,-119173191.0,4689.0,,,,,,1014,269.0,,61110050.041,13150.0,2061.0,,97107.0,0.0,,,,,,,,,,84745.0,2015.0,84745.0,2463.58,,,,2,24,,0
11514,17188949,-0.079,,,,0.0,0.0,,,,,,,,,,,,6111.0,,,,,,,34206510.0,-119022380.0,6825.0,,,,,,1111,261.0,,61110056.00305,51239.0,2061.0,,97091.0,0.0,,,,,,,,,,138876.0,2015.0,138876.0,1544.26,,,,2,24,,0
11573,17188950,0.0497,,,,0.0,0.0,,,,,,,,,,,,6111.0,,,,,,,34206511.0,-119022595.0,6825.0,,,,,,1111,261.0,,61110056.00305,51239.0,2061.0,,97091.0,0.0,,,,,,,,,,138876.0,2015.0,138876.0,1544.26,,,,2,24,,0
11901,17112291,0.004,,,,0.0,0.0,,,,,,,,,,,,6111.0,,,,,,,34248956.0,-119170225.0,3643.0,,,,,,1014,269.0,,61110050.041076,13150.0,2061.0,,97107.0,0.0,,,,,,,,,,84000.0,2015.0,84000.0,2090.84,,,,2,25,,0
12023,17112931,-0.0356,,,,0.0,0.0,,,,,,,,,,,,6111.0,,,,,,,34247880.0,-119173191.0,4858.0,,,,,,1014,269.0,,61110050.041,13150.0,2061.0,,97107.0,0.0,,,,,,,,,,84787.0,2015.0,84787.0,2464.06,,,,2,26,,0
12162,17112290,-0.0534,,,,0.0,0.0,,,,,,,,,,,,6111.0,,,,,,,34249042.0,-119170288.0,3643.0,,,,,,1014,269.0,,61110050.041076,13150.0,2061.0,,97107.0,0.0,,,,,,,,,,84000.0,2015.0,84000.0,2090.84,,,,2,26,,0
12277,17205203,-0.0284,,,,0.0,0.0,,,,,,,,,,,,6111.0,,,,,,,34298221.0,-118884735.0,11925.0,,,,,,1014,269.0,,61110076.061008,25974.0,2061.0,,97097.0,0.0,,,,,,,,,,279470.0,2015.0,279470.0,3092.26,,,,2,26,,0
12295,17205207,-0.1744,,,,0.0,0.0,,,,,,,,,,,,6111.0,,,,,,,34297974.0,-118884142.0,9724.0,,,,,,1014,269.0,,61110076.061008,25974.0,2061.0,,97097.0,0.0,,,,,,,,,,279470.0,2015.0,279470.0,3092.08,,,,2,26,,0
13010,17112288,0.0459,,,,0.0,0.0,,,,,,,,,,,,6111.0,,,,,,,34249206.0,-119170426.0,3643.0,,,,,,1014,269.0,,61110050.041076,13150.0,2061.0,762928.0,97107.0,0.0,,,,,,,,,,84000.0,2015.0,84000.0,2090.84,,,,3,1,,0
13279,17200205,-0.0243,,,,0.0,0.0,,,,,,,,,,,,6111.0,,,,,,,34278315.0,-118875881.0,,,,,,,1129,266.0,,61110076.121002,25974.0,2061.0,,97097.0,0.0,,,,,,,,,,64123.0,2015.0,64123.0,913.72,,,,3,1,,0
13396,17113044,-0.0619,,,,0.0,0.0,,,,,,,,,,,,6111.0,,,,,,,34252410.0,-119172235.0,3420.0,,,,,,1014,269.0,,61110050.041009,13150.0,2061.0,,97107.0,0.0,,,,,,,,,,81490.0,2015.0,81490.0,1994.92,,,,3,2,,0
13527,17113040,-0.0398,,,,0.0,0.0,,,,,,,,,,,,6111.0,,,,,,,34252142.0,-119172621.0,3461.0,,,,,,1014,269.0,,61110050.041009,13150.0,2061.0,,97107.0,0.0,,,,,,,,,,81490.0,2015.0,81490.0,2007.96,,,,3,2,,0
13593,17113039,-0.0182,,,,0.0,0.0,,,,,,,,,,,,6111.0,,,,,,,34252054.0,-119172798.0,7074.0,,,,,,1014,269.0,,61110050.041009,13150.0,2061.0,,97107.0,0.0,,,,,,,,,,81490.0,2015.0,81490.0,3089.58,,,,3,2,,0
13810,17266086,-0.1696,,,,0.0,0.0,,,,,,,,,,,,6111.0,,,,,,,34178794.0,-118908369.0,,,,,,,1129,266.0,,61110059.091,34278.0,2061.0,46736.0,96351.0,0.0,,,,,,,,,,304880.0,2015.0,304880.0,3311.92,,,,3,3,,0
14185,17200198,0.0459,,,,0.0,0.0,,,,,,,,,,,,6111.0,,,,,,,34278623.0,-118875620.0,,,,,,,1129,266.0,,61110076.121002,25974.0,2061.0,,97097.0,0.0,,,,,,,,,,64123.0,2015.0,64123.0,913.72,,,,3,4,,0
14717,17200207,-0.005,,,,0.0,0.0,,,,,,,,,,,,6111.0,,,,,,,34294798.0,-118846371.0,,,,,,,1129,266.0,,61110076.144,25974.0,2061.0,,97097.0,0.0,,,,,,,,,,64123.0,2015.0,64123.0,913.72,,,,3,8,,0
15169,17200199,-0.0429,,,,0.0,0.0,,,,,,,,,,,,6111.0,,,,,,,34278622.0,-118875750.0,,,,,,,1129,266.0,,61110076.121002,25974.0,2061.0,,97097.0,0.0,,,,,,,,,,64123.0,2015.0,64123.0,913.72,,,,3,9,,0
15955,17200206,-0.0377,,,,0.0,0.0,,,,,,,,,,,,6111.0,,,,,,,34278315.0,-118875751.0,,,,,,,1129,266.0,,61110076.121002,25974.0,2061.0,,97097.0,0.0,,,,,,,,,,64123.0,2015.0,64123.0,913.72,,,,3,11,,0
17370,17200260,-0.129,,,,0.0,0.0,,,,,,,,,,,,6111.0,,,,,,,34294798.0,-118846371.0,,,,,,,1129,266.0,,61110076.144,25974.0,2061.0,,97097.0,0.0,,,,,,,,,4643.0,63135.0,2015.0,58492.0,902.98,,,,3,18,,0
18305,17266084,-0.2107,,,,0.0,0.0,,,,,,,,,,,,6111.0,,,,,,,34178794.0,-118908369.0,,,,,,,1129,266.0,,61110059.091,34278.0,2061.0,46736.0,96351.0,0.0,,,,,,,,,,304881.0,2015.0,304881.0,3311.94,,,,3,22,,0
18488,17266085,-0.1485,,,,0.0,0.0,,,,,,,,,,,,6111.0,,,,,,,34178794.0,-118908369.0,,,,,,,1129,266.0,,61110059.091,34278.0,2061.0,46736.0,96351.0,0.0,,,,,,,,,,304880.0,2015.0,304880.0,3311.92,,,,3,23,,0
18666,17188959,0.0944,,,,0.0,0.0,,,,,,,,,,,,6111.0,,,,,,,34211295.0,-119027964.0,6900.0,,,,,,1111,261.0,,61110056.003,,2061.0,,97091.0,0.0,,,,,,,,,,138876.0,2015.0,138876.0,1544.26,,,,3,23,,0
19098,17188965,-0.1912,,,,3.5,4.0,,,3.5,,2586.0,3098.0,3098.0,,,2586.0,,6111.0,1.0,3.0,2.0,463.0,,,34211295.0,-119027964.0,6900.0,,,,,,1111,261.0,,61110056.003,51239.0,2061.0,,97091.0,8.0,,1.0,,,,,2.0,,404000.0,542876.0,2015.0,138876.0,5881.7,,,,3,24,,0
19298,17188964,-0.0965,,,,4.0,5.0,,,4.0,,1822.0,3529.0,3529.0,,,1822.0,,6111.0,1.0,4.0,2.0,521.0,,,34211295.0,-119027964.0,6900.0,,,,,,1111,261.0,,61110056.003,51239.0,2061.0,,97091.0,9.0,,,,,,,2.0,,455000.0,593876.0,2015.0,138876.0,6426.18,,,,3,25,,0
19978,17188932,0.0421,,,,0.0,0.0,,,,,,,,,,,,6111.0,,,,,,,34207894.0,-119020965.0,7150.0,,,,,,1111,261.0,,61110056.003,51239.0,2061.0,,97091.0,0.0,,,,,,,,,,138876.0,2015.0,138876.0,1544.26,,,,3,29,,0
20687,17188963,0.003,,,,0.0,0.0,,,,,,,,,,,,6111.0,,,,,,,34211295.0,-119027964.0,6900.0,,,,,,1111,261.0,,61110056.003,51239.0,2061.0,,97091.0,0.0,,,,,,,,,,138876.0,2015.0,138876.0,1544.26,,,,3,30,,0
20757,17188975,-0.009,,,,0.0,0.0,,,,,,,,,,,,6111.0,,,,,,,34207894.0,-119020965.0,6807.0,,,,,,1111,261.0,,61110056.003,51239.0,2061.0,,97091.0,0.0,,,,,,,,,,138876.0,2015.0,138876.0,1544.26,,,,3,30,,0
21276,17188962,-0.0429,,,,0.0,0.0,,,,,,,,,,,,6111.0,,,,,,,34211295.0,-119027964.0,6900.0,,,,,,1111,261.0,,61110056.003,51239.0,2061.0,,97091.0,0.0,,,,,,,,,,138876.0,2015.0,138876.0,1544.26,,,,3,31,,0
21291,17188933,0.0507,,,,0.0,0.0,,,,,,,,,,,,6111.0,,,,,,,34207894.0,-119020965.0,6957.0,,,,,,1111,261.0,,61110056.003,51239.0,2061.0,,97091.0,0.0,,,,,,,,,,138876.0,2015.0,138876.0,1544.26,,,,3,31,,0
21321,17188958,0.088,,,,0.0,0.0,,,,,,,,,,,,6111.0,,,,,,,34211295.0,-119027964.0,6900.0,,,,,,1111,261.0,,61110056.003,51239.0,2061.0,,97091.0,0.0,,,,,,,,,,138876.0,2015.0,138876.0,1544.26,,,,3,31,,0
21350,17188961,0.003,,,,0.0,0.0,,,,,,,,,,,,6111.0,,,,,,,34211295.0,-119027964.0,6900.0,,,,,,1111,261.0,,61110056.003,51239.0,2061.0,,97091.0,0.0,,,,,,,,,,138876.0,2015.0,138876.0,1544.26,,,,3,31,,0
21370,17188974,0.1026,,,,0.0,0.0,,,,,,,,,,,,6111.0,,,,,,,34207894.0,-119020965.0,6500.0,,,,,,1111,261.0,,61110056.003,,2061.0,,,0.0,,,,,,,,,,138876.0,2015.0,138876.0,1542.44,,,,3,31,,0
23317,17200204,0.006,,,,0.0,0.0,,,,,,,,,,,,6111.0,,,,,,,34294798.0,-118846371.0,,,,,,,1129,266.0,,61110076.144,25974.0,2061.0,,97097.0,0.0,,,,,,,,,,64123.0,2015.0,64123.0,913.72,,,,4,7,,0
23925,17188853,0.005,,,,0.0,0.0,,,,,,,,,,,,6111.0,,,,,,,34211295.0,-119027964.0,5595.0,,,,,,1111,261.0,,61110056.003,51239.0,2061.0,,97091.0,0.0,,,,,,,,,26000.0,216000.0,2015.0,190000.0,2386.52,,,,4,8,,0
26492,17266087,-0.0325,,,,0.0,0.0,,,,,,,,,,,,6111.0,,,,,,,34178794.0,-118908369.0,,,,,,,1129,266.0,,61110059.091,,2061.0,,96351.0,0.0,,,,,,,,,,304880.0,2015.0,304880.0,3311.92,,,,4,19,,0
26944,17188846,0.002,,,,0.0,0.0,,,,,,,,,,,,6111.0,,,,,,,34211295.0,-119027964.0,5500.0,,,,,,1111,261.0,,61110056.003,,2061.0,,,0.0,,,,,,,,,24000.0,214000.0,2015.0,190000.0,2365.18,,,,4,20,,0
29274,17188855,0.0421,,,,0.0,0.0,,,,,,,,,,,,6111.0,,,,,,,34211295.0,-119027964.0,5531.0,,,,,,1111,261.0,,61110056.003,,2061.0,,,0.0,,,,,,,,,23000.0,213000.0,2015.0,190000.0,2354.5,,,,4,27,,0
31163,17188966,0.0218,,,,3.0,4.0,,,3.0,66.0,1598.0,3008.0,3008.0,,,1598.0,,6111.0,1.0,3.0,2.0,699.0,,,34211295.0,-119027964.0,6800.0,,,,,,1111,261.0,,61110056.003,,2061.0,,,7.0,,,,,,,2.0,,402000.0,540876.0,2015.0,138876.0,5860.34,,,,5,2,,0
32423,17188857,-0.0121,,,,0.0,0.0,,,,,,,,,,,,6111.0,,,,,,,34211295.0,-119027964.0,5465.0,,,,,,1111,261.0,,61110056.003,,2061.0,,,0.0,,,,,,,,,26000.0,216000.0,2015.0,190000.0,2386.52,,,,5,5,,0
32749,17112289,-0.0523,,,,0.0,0.0,,,,,,,,,,,,6111.0,,,,,,,34249125.0,-119170355.0,3643.0,,,,,,1014,269.0,,61110050.041076,13150.0,2061.0,762928.0,97107.0,0.0,,,,,,,,,,84000.0,2015.0,84000.0,2090.84,,,,5,6,,0
35160,17112775,-0.0921,,,,0.0,0.0,,,,,,,,,,,,6111.0,,,,,,,34252495.0,-119169359.0,3507.0,,,,,,1111,261.0,,61110050.041,13150.0,2061.0,762928.0,97107.0,0.0,,,,,,,,,77000.0,163460.0,2015.0,86460.0,6754.38,,,,5,13,,0
38752,17188844,-0.5125,,,,0.0,0.0,,,,,,,,,,,,6111.0,,,,,,,34211295.0,-119027964.0,5500.0,,,,,,1111,261.0,,61110056.003,,2061.0,,,0.0,,,,,,,,,23000.0,213000.0,2015.0,190000.0,2354.5,,,,5,25,,0
39616,17188862,-0.0263,,,,0.0,0.0,,,,,,,,,,,,6111.0,,,,,,,34211295.0,-119027964.0,5807.0,,,,,,1111,261.0,,61110056.003,,2061.0,,,0.0,,,,,,,,,23000.0,213000.0,2015.0,190000.0,2354.5,,,,5,27,,0
40382,17112972,0.0266,,,,0.0,0.0,,,,,,,,,,,,6111.0,,,,,,,34250948.0,-119170415.0,3420.0,,,,,,1111,261.0,,61110050.041066,13150.0,2061.0,,97107.0,0.0,,,,,,,,,238000.0,347015.0,2015.0,109015.0,9617.58,,,,5,31,,0
40648,17188858,0.006,,,,0.0,0.0,,,,,,,,,,,,6111.0,,,,,,,34211295.0,-119027964.0,5500.0,,,,,,1111,261.0,,61110056.003,,2061.0,,,0.0,,,,,,,,,24000.0,214000.0,2015.0,190000.0,2365.18,,,,5,31,,0
47432,17188847,-0.007,,,,0.0,0.0,,,,,,,,,,,,6111.0,,,,,,,34211295.0,-119027964.0,5500.0,,,,,,1111,261.0,,61110056.003,,2061.0,,,0.0,,,,,,,,,26000.0,216000.0,2015.0,190000.0,2386.52,,,,6,20,,0
48635,17188848,0.008,,,,0.0,0.0,,,,,,,,,,,,6111.0,,,,,,,34211295.0,-119027964.0,5406.0,,,,,,1111,261.0,,61110056.003,,2061.0,,,0.0,,,,,,,,,24000.0,214000.0,2015.0,190000.0,2363.38,,,,6,23,,0
49534,17188851,0.0305,,,,0.0,0.0,,,,,,,,,,,,6111.0,,,,,,,34211295.0,-119027964.0,5939.0,,,,,,1111,261.0,,61110056.003,,2061.0,,,0.0,,,,,,,,,24000.0,214000.0,2015.0,190000.0,2367.0,,,,6,24,,0
61488,17072015,-0.2009,,,,0.0,0.0,,,,,,,,,,,,6111.0,,,,,,,34281197.0,-119228656.0,10857.0,,,,,,1110,261.0,,61110018.002,,2061.0,,,0.0,,,,,,,,,,165075.0,2015.0,165075.0,1818.18,,,,7,29,,0
66016,17188859,0.0276,,,,0.0,0.0,,,,,,,,,,,,6111.0,,,,,,,34211295.0,-119027964.0,5500.0,,,,,,1111,261.0,,61110056.003,,2061.0,,,0.0,,,,,,,,,23000.0,213000.0,2015.0,190000.0,2354.5,,,,8,12,,0
71622,17188978,0.0208,,,,0.0,0.0,,,,,,,,,,,,6111.0,,,,,,,34211295.0,-119027964.0,6500.0,,,,,,1111,261.0,,61110056.003,,2061.0,,,0.0,,,,,,,,,180000.0,318876.0,2015.0,138876.0,3488.46,,,,8,31,,0
76594,17072017,-0.2536,,,,0.0,0.0,,,,,,,,,,,,6111.0,,,,,,,34281197.0,-119228656.0,20330.0,,,,,,1110,261.0,,61110018.002,,2061.0,,97083.0,0.0,,,,,,,,,,165075.0,2015.0,165075.0,1819.18,,,,9,16,,0
1,14366692,-0.1684,,,,3.5,4.0,,,3.5,,,2263.0,2263.0,,,,,6059.0,,3.0,2.0,468.0,,,33668120.0,-117677556.0,3643.0,,,,,,1,261.0,,60590524.222024,32380.0,1286.0,,96962.0,0.0,,1.0,,,,,,,346458.0,585529.0,2015.0,239071.0,10153.02,,,,1,1,751.0,0
5715,14712877,-0.0943,,,,3.0,3.0,,,3.0,,,1736.0,1736.0,,,,,6059.0,,3.0,2.0,0.0,,,33857285.0,-117943206.0,,,,,,,1,266.0,,60590111.012,24812.0,1286.0,,97041.0,0.0,,,,,,,,,257851.0,407097.0,2015.0,149246.0,4819.56,,,,1,28,778.0,0
6838,14366693,-0.1625,,,,3.5,3.0,,,3.5,,,2252.0,2252.0,,,,,6059.0,,3.0,2.0,422.0,,,33668124.0,-117677595.0,3646.0,,,,,,1,261.0,,60590524.222024,32380.0,1286.0,,96962.0,0.0,,1.0,,,,,,,351697.0,590768.0,2015.0,239071.0,6251.86,,,,2,1,781.0,0
9027,14618719,0.0315,,,,3.5,3.0,,,3.5,,,1873.0,1873.0,,,,,6059.0,,3.0,2.0,0.0,,,33683786.0,-117760332.0,,,,,,,1,266.0,,60590524.184035,52650.0,1286.0,276581.0,96954.0,0.0,,1.0,,,,,,,268284.0,715411.0,2015.0,447127.0,10514.4,,,,2,11,791.0,0
12836,14423417,0.1293,,,,5.5,5.0,,,5.5,,,4152.0,4152.0,,,,,6059.0,,5.0,3.0,868.0,,,33495405.0,-117621693.0,11743.0,,,,,,1,261.0,,60590422.036,33840.0,1286.0,,96985.0,0.0,,1.0,,,,,,,,1157000.0,2015.0,1157000.0,20758.08,,,,2,29,809.0,0
13154,14608640,0.0325,,,,3.0,4.0,,,3.0,,,1853.0,1853.0,,,,,6059.0,,3.0,2.0,0.0,,,33525974.0,-117621817.0,,,,,,,1,266.0,,60590320.612,15554.0,1286.0,,96998.0,0.0,,,,,,,,,265248.0,597018.0,2015.0,331770.0,9610.02,,,,3,1,811.0,0
14353,14682103,-0.0294,,,,4.0,4.0,,,4.0,,,2147.0,2147.0,,,,,6059.0,,4.0,2.0,0.0,,,33708839.0,-117744298.0,,,,,,,1,266.0,,60590524.262052,52650.0,1286.0,403197.0,96954.0,0.0,,,,,,,,,335134.0,885237.0,2015.0,550103.0,13250.48,,,,3,6,816.0,0
16070,14675125,0.003,,,,3.0,3.0,,,3.0,,,1631.0,1631.0,,,,,6059.0,,3.0,2.0,0.0,,,33697293.0,-117711960.0,,,,,,,1,266.0,,60590524.262074,52650.0,1286.0,403196.0,96952.0,0.0,,,,,,,,,246871.0,652298.0,2015.0,405427.0,10497.6,,,,3,14,824.0,0
17339,14636237,-0.0336,,,,4.0,4.0,,,4.0,,,2156.0,2156.0,,,,,6059.0,,4.0,2.0,0.0,,,33705557.0,-117732531.0,,,,,,,1,266.0,,60590524.262052,52650.0,1286.0,403197.0,96954.0,0.0,,,,,,,,,329104.0,928341.0,2015.0,599237.0,13468.96,,,,3,17,827.0,0
18297,14618604,-0.0481,,,,2.0,2.0,,,2.0,,,1123.0,1123.0,,,,,6059.0,,2.0,1.0,0.0,,,33682979.0,-117760213.0,,,,,,,1,266.0,,60590524.184,52650.0,1286.0,276581.0,96954.0,0.0,,,,,,,,,167386.0,422381.0,2015.0,254995.0,8012.2,,,,3,22,832.0,0
18168,14355761,-0.0202,,,,4.0,4.0,,,4.0,,,2653.0,2653.0,,,,,6059.0,,4.0,2.0,438.0,,,33709907.0,-117745121.0,3975.0,,,,,,1,261.0,,60590524.262052,52650.0,1286.0,403197.0,96954.0,0.0,,,,,,,,,422347.0,1046685.0,2015.0,624338.0,15235.98,,,,3,22,832.0,0
19709,14639944,0.0218,,,,2.5,3.0,,,2.5,,,1845.0,1845.0,,,,,6059.0,,2.0,2.0,0.0,,,33905285.0,-117844108.0,,,,,,,1,266.0,,60590117.171,26531.0,1286.0,,97068.0,0.0,,1.0,,,,,,,281944.0,602649.0,2015.0,320705.0,7582.94,,,,3,28,838.0,0
20280,14618767,0.003,,,,2.0,2.0,,,2.0,,,1182.0,1182.0,,,,,6059.0,,2.0,2.0,0.0,,,33683319.0,-117759595.0,,,,,,,1,266.0,,60590524.184035,52650.0,1286.0,276581.0,96954.0,0.0,,,,,,,,,187500.0,492175.0,2015.0,304675.0,8129.3,,,,3,29,839.0,0
20596,14618559,-0.005,,,,2.5,2.0,,,2.5,,,1441.0,1441.0,,,,,6059.0,,2.0,1.0,0.0,,,33682979.0,-117760213.0,,,,,,,1,266.0,,60590524.184,52650.0,1286.0,276581.0,96954.0,0.0,,1.0,,,,,,,212580.0,511116.0,2015.0,298536.0,8384.42,,,,3,30,840.0,0
21364,14755718,-0.0121,,,,2.5,3.0,,,2.5,,,1579.0,1579.0,,,,,6059.0,,2.0,2.0,0.0,,,33908539.0,-117847414.0,,,,,,,1,266.0,,60590218.153048,17150.0,1286.0,,97037.0,0.0,,1.0,,,,,,,220596.0,564807.0,2015.0,344211.0,6983.86,,,,3,31,841.0,0
22229,14618798,-0.0555,,,,2.5,3.0,,,2.5,,,1948.0,1948.0,,,,,6059.0,,2.0,2.0,0.0,,,33685795.0,-117751400.0,,,,,,,1,266.0,,60590524.184035,52650.0,1286.0,276581.0,96954.0,0.0,,1.0,,,,,,,294595.0,779688.0,2015.0,485093.0,11597.26,,,,4,4,844.0,0
23001,14608670,0.003,,,,2.5,3.0,,,2.5,,,1738.0,1738.0,,,,,6059.0,,2.0,2.0,0.0,,,33525974.0,-117621817.0,,,,,,,1,266.0,,60590320.612,15554.0,1286.0,,96998.0,0.0,,1.0,,,,,,,243953.0,361931.0,2015.0,117978.0,9226.64,,,,4,6,846.0,0
24311,14640247,0.0109,,,,2.5,3.0,,,2.5,,,2297.0,2297.0,,,,,6059.0,,2.0,4.0,0.0,,,33905385.0,-117809409.0,,,,,,,1,266.0,,60590218.222,21412.0,1286.0,,97078.0,0.0,,1.0,,,,,,,327700.0,648670.0,2015.0,320970.0,7839.74,,,,4,11,851.0,0
25145,14340785,0.0649,,,,4.5,4.0,,,4.5,,,4319.0,4319.0,,,,,6059.0,,4.0,2.0,653.0,,,33744505.0,-117762592.0,5900.0,,,,,,1,261.0,,60590524.201061,52650.0,1286.0,403127.0,96939.0,0.0,,1.0,,,,,,,859432.0,1719432.0,2015.0,860000.0,24988.82,,,,4,14,854.0,0
26048,14608639,0.005,,,,2.5,3.0,,,2.5,,,1738.0,1738.0,,,,,6059.0,,2.0,2.0,0.0,,,33632916.0,-117596626.0,,,,,,,1,266.0,,60590320.544016,15554.0,1286.0,,96993.0,0.0,,1.0,,,,,,,248827.0,547729.0,2015.0,298902.0,9028.12,,,,4,15,855.0,0
30629,14675212,0.0421,,,,3.0,4.0,,,3.0,,,1935.0,1935.0,,,,,6059.0,,3.0,2.0,0.0,,,33698267.0,-117713098.0,,,,,,,1,266.0,,60590524.262074,52650.0,1286.0,403196.0,96952.0,0.0,,,,,,,,,335832.0,745725.0,2015.0,409893.0,12208.04,,,,4,29,869.0,0
33262,13963558,0.0119,,,,4.5,5.0,,,4.5,,,2919.0,2919.0,,,,,6059.0,,4.0,2.0,435.0,,,33685009.0,-117755194.0,3659.0,,,,,,1,261.0,,60590524.184035,52650.0,1286.0,276486.0,96954.0,0.0,,1.0,,,,,,,534591.0,1111799.0,2015.0,577208.0,15422.3,,,,5,9,879.0,0
33435,14341101,0.0843,,,,4.5,4.0,,,4.5,,,3712.0,3712.0,,,,,6059.0,,4.0,2.0,551.0,,,33740417.0,-117762363.0,6467.0,,,,,,1,261.0,,60590524.201061,,1286.0,,96939.0,0.0,,1.0,,,,,,,826200.0,1618088.0,2015.0,791888.0,23259.08,,,,5,10,880.0,0
35337,14618595,0.003,,,,2.5,2.0,,,2.5,,,1573.0,1573.0,,,,,6059.0,,2.0,2.0,0.0,,,33683655.0,-117761342.0,,,,,,,1,266.0,,60590524.184035,52650.0,1286.0,276581.0,96954.0,0.0,,1.0,,,,,,,234511.0,598000.0,2015.0,363489.0,9288.08,,,,5,16,886.0,0
37139,14356268,-0.0101,,,,3.0,4.0,,,3.0,,,2408.0,2408.0,,,,,6059.0,,3.0,2.0,425.0,,,33687845.0,-117758695.0,3570.0,,,,,,1,261.0,,60590524.184035,52650.0,1286.0,276581.0,96954.0,0.0,,,,,,,,,403609.0,999106.0,2015.0,595497.0,14043.46,,,,5,20,890.0,0
40185,13920450,-0.0965,,,,3.0,4.0,,,3.0,,,2328.0,2328.0,,,,,6059.0,,3.0,2.0,431.0,,,33806984.0,-118009604.0,3676.0,,,,,,1,261.0,,60590878.012,42967.0,1286.0,,96203.0,0.0,,,,,,,,,360604.0,474258.0,2015.0,113654.0,8089.42,,,,5,27,897.0,0
40520,13858001,0.005,,,,2.5,3.0,,,2.5,,,1618.0,1618.0,,,,,6059.0,,2.0,2.0,494.0,,,33936600.0,-117951000.0,1449.0,,,,,,1,261.0,,60590011.033,,1286.0,,96186.0,0.0,,1.0,,,,,,,236793.0,316942.0,2015.0,80149.0,3845.76,,,,5,31,901.0,0
40519,13857997,0.0363,,,,2.5,3.0,,,2.5,,,1667.0,1667.0,,,,,6059.0,,2.0,2.0,405.0,,,33936700.0,-117951000.0,1420.0,,,,,,1,261.0,,60590011.033,,1286.0,,96186.0,0.0,,1.0,,,,,,,238754.0,318901.0,2015.0,80147.0,3867.38,,,,5,31,901.0,0
41163,14618742,0.0315,,,,3.5,3.0,,,3.5,,,1873.0,1873.0,,,,,6059.0,,3.0,2.0,0.0,,,33682729.0,-117759207.0,,,,,,,1,266.0,,60590524.184035,52650.0,1286.0,276581.0,96954.0,0.0,,1.0,,,,,,,263029.0,671448.0,2015.0,408419.0,10055.48,,,,6,1,901.0,0
41067,14737546,0.001,,,,2.0,2.0,,,2.0,,,1225.0,1225.0,,,,,6059.0,,2.0,2.0,0.0,,,33669079.0,-117672715.0,,,,,,,1,266.0,,60590524.222,32380.0,1286.0,,96962.0,0.0,,,,,,,,,194481.0,464900.0,2015.0,270419.0,4871.4,,,,6,1,901.0,0
48805,14737525,-0.0151,,,,2.0,2.0,,,2.0,,,1225.0,1225.0,,,,,6059.0,,2.0,2.0,0.0,,,33669245.0,-117674525.0,,,,,,,1,266.0,,60590524.222024,32380.0,1286.0,,96962.0,0.0,,,,,,,,,194481.0,478755.0,2015.0,284274.0,5020.28,,,,6,23,923.0,0
54281,14355751,0.009,,,,3.0,4.0,,,3.0,,,2483.0,2483.0,,,,,6059.0,,3.0,2.0,420.0,,,33709469.0,-117744985.0,3525.0,,,,,,1,261.0,,60590524.262052,52650.0,1286.0,403197.0,96954.0,0.0,,,,,,,,,407929.0,988644.0,2015.0,580715.0,14632.26,,,,7,8,938.0,0
57566,14607759,-0.0151,,,,2.5,3.0,,,2.5,,,1578.0,1578.0,,,,,6059.0,,2.0,2.0,0.0,,,33528313.0,-117616653.0,,,,,,,1,266.0,,60590320.564012,52835.0,1286.0,,96998.0,0.0,,1.0,,,,,,,230563.0,561434.0,2015.0,330871.0,8665.36,,,,7,20,950.0,0
58487,14608555,-0.0346,,,,2.0,2.0,,,2.0,,,1212.0,1212.0,,,,,6059.0,,2.0,2.0,0.0,,,33538374.0,-117641716.0,,,,,,,1,266.0,,60590320.581,52835.0,1286.0,,96998.0,0.0,,,,,,,,,289982.0,356413.0,2015.0,66431.0,5521.16,,,,7,22,952.0,0
62257,14762189,0.5452,,,,2.0,3.0,,,2.0,,,1897.0,1897.0,,,,,6059.0,,2.0,,,,,33650679.0,-117844810.0,,,,,,,1,261.0,,60590626.143,52650.0,1286.0,275795.0,96951.0,0.0,,,,,,,,,276072.0,459250.0,2015.0,183178.0,4720.14,,,,8,2,962.0,0
62295,14607864,0.0392,,,,2.5,2.0,,,2.5,,,1500.0,1500.0,,,,,6059.0,,2.0,2.0,0.0,,,33542374.0,-117642116.0,,,,,,,1,266.0,,60590320.582,52835.0,1286.0,,96998.0,0.0,,1.0,,,,,,,215261.0,469200.0,2015.0,253939.0,7525.92,,,,8,2,962.0,0
62289,14618671,-0.001,,,,2.5,3.0,,,2.5,,,1567.0,1567.0,,,,,6059.0,,2.0,2.0,0.0,,,33685835.0,-117761343.0,,,,,,,1,266.0,,60590524.184035,52650.0,1286.0,276581.0,96954.0,0.0,,1.0,,,,,,,241069.0,626456.0,2015.0,385387.0,9605.0,,,,8,2,962.0,0
66223,13963564,-0.1684,,,,4.5,5.0,,,4.5,,,2919.0,2919.0,,,,,6059.0,,4.0,2.0,435.0,,,33684823.0,-117755135.0,3659.0,,,,,,1,261.0,,60590524.184035,52650.0,1286.0,276486.0,96954.0,0.0,,1.0,,,,,,,524120.0,1085756.0,2015.0,561636.0,15082.3,,,,8,15,975.0,0
71456,14712840,0.005,,,,3.5,4.0,,,3.5,,,2140.0,2140.0,,,,,6059.0,,3.0,,,,,33857285.0,-117943206.0,,,,,,,1,266.0,,60590111.012,24812.0,1286.0,,97041.0,0.0,,1.0,,,,,,,318292.0,543170.0,2015.0,224878.0,6240.24,,,,8,30,990.0,0
73631,14737519,-0.0141,,,,2.0,2.0,,,2.0,,,1225.0,1225.0,,,,,6059.0,,2.0,2.0,0.0,,,33669256.0,-117674527.0,,,,,,,1,266.0,,60590524.222024,32380.0,1286.0,,96962.0,0.0,,,,,,,,,194481.0,461537.0,2015.0,267056.0,4835.28,,,,9,7,997.0,0
76061,14712837,0.0208,,,,3.0,3.0,,,3.0,,,1736.0,1736.0,,,,,6059.0,,3.0,2.0,0.0,,,33857285.0,-117943206.0,,,,,,,1,266.0,,60590111.012,24812.0,1286.0,,97041.0,0.0,,,,,,,,,260851.0,521957.0,2015.0,261106.0,6006.92,,,,9,15,1005.0,0
5493,14600785,0.0649,,,,3.0,3.0,,,3.0,,,2290.0,2290.0,,,,,6059.0,,3.0,2.0,0.0,,,33675217.0,-117846392.0,,,,,,,1,266.0,,60590626.101,52650.0,1286.0,273096.0,96947.0,0.0,,,,,,,,,297446.0,827193.0,2015.0,529747.0,13184.54,,,,1,27,1137.0,0
7262,14635762,-0.0587,,,,3.0,4.0,,,3.0,,,1918.0,1918.0,,,,,6059.0,,3.0,2.0,0.0,,,33706033.0,-117732513.0,,,,,,,1,266.0,,60590524.262052,52650.0,1286.0,403197.0,96954.0,0.0,,,,,,,,,280658.0,829733.0,2015.0,549075.0,12614.48,,,,2,3,1143.0,0
7443,14683251,-0.0683,,,,2.0,2.0,,,2.0,,,1378.0,1378.0,,,,,6059.0,,2.0,2.0,0.0,,,33707531.0,-117747628.0,,,,,,,1,266.0,,60590524.262052,52650.0,1286.0,403197.0,96954.0,0.0,,,,,,,,,191450.0,512354.0,2015.0,320904.0,8824.88,,,,2,4,1144.0,0
9353,14685205,-0.0429,,,,2.0,2.0,,,2.0,,,1378.0,1378.0,,,,,6059.0,,2.0,2.0,0.0,,,33705509.0,-117742107.0,,,,,,,1,266.0,,60590524.262052,52650.0,1286.0,403197.0,96954.0,0.0,,,,,,,,,205284.0,558568.0,2015.0,353284.0,8965.7,,,,2,15,1155.0,0
9892,14636561,0.0507,,,,3.0,3.0,,,3.0,,,1922.0,1922.0,,,,,6059.0,,3.0,2.0,0.0,,,33697205.0,-117710503.0,,,,,,,1,266.0,,60590524.262074,52650.0,1286.0,403196.0,96952.0,0.0,,,,,,,,,234891.0,805613.0,2015.0,570722.0,12598.06,,,,2,17,1157.0,0
10960,13963323,-0.0243,,,,2.5,3.0,,,2.5,,,2647.0,2647.0,,,,,6059.0,,2.0,2.0,451.0,,,33705480.0,-117746613.0,3441.0,,,,,,1,261.0,,60590524.262,52650.0,1286.0,403197.0,96954.0,0.0,,1.0,,,,,,,472077.0,919139.0,2015.0,447062.0,13182.4,,,,2,22,1162.0,0
10860,14662448,-0.0492,,,,2.5,3.0,,,2.5,,,1868.0,1868.0,,,,,6059.0,,2.0,2.0,0.0,,,33647320.0,-117757674.0,,,,,,,1,266.0,,60590626.213009,52650.0,1286.0,,96952.0,0.0,,1.0,,,,,,,266148.0,723675.0,2015.0,457527.0,11260.68,,,,2,22,1162.0,0
10962,14153955,0.005,,,,2.5,3.0,,,2.5,,,1993.0,1993.0,,,,,6059.0,,2.0,2.0,486.0,,,33937486.0,-117901905.0,3532.0,,,,,,1,261.0,,60590015.061,17150.0,1286.0,,97035.0,0.0,,1.0,,,,,,,301145.0,700000.0,2015.0,398855.0,9012.08,,,,2,22,1162.0,0
11747,14608603,-0.0294,,,,2.5,3.0,,,2.5,,,1648.0,1648.0,,,,,6059.0,,2.0,2.0,0.0,,,33525974.0,-117621817.0,,,,,,,1,266.0,,60590320.612,15554.0,1286.0,,96998.0,0.0,,1.0,,,,,,,221787.0,501178.0,2015.0,279391.0,8417.06,,,,2,25,1165.0,0
12579,14603006,0.001,,,,2.5,2.0,,,2.5,,,1555.0,1555.0,,,,,6059.0,,2.0,2.0,0.0,,,33707739.0,-117952213.0,,,,,,,1,266.0,,60590992.513003,8384.0,1286.0,,97008.0,0.0,,1.0,,,,,,,203317.0,461704.0,2015.0,258387.0,5310.88,,,,2,29,1169.0,0
12533,14663549,-0.008,,,,2.0,2.0,,,2.0,,,1204.0,1204.0,,,,,6059.0,,2.0,2.0,0.0,,,33832335.0,-117905635.0,,,,,,,1,266.0,,60590874.011,16764.0,1286.0,275470.0,97024.0,0.0,,,,,,,,,173818.0,397675.0,2015.0,223857.0,4781.92,,,,2,29,1169.0,0
13683,14068954,-0.0274,,,,4.5,4.0,,,4.5,,,2609.0,2609.0,,,,,6059.0,,4.0,2.0,412.0,,,33711126.0,-118048185.0,3790.0,,,,,,1,261.0,,60590994.171032,25218.0,1286.0,,96967.0,0.0,,1.0,,,,,,,562955.0,1230265.0,2015.0,667310.0,13688.52,,,,3,3,1173.0,0
14131,14156553,-0.0192,,,,3.5,4.0,,,3.5,,,3573.0,3573.0,,,,,6059.0,,3.0,2.0,623.0,,,33928675.0,-117863498.0,6033.0,,,,,,1,261.0,,60590218.151007,17150.0,1286.0,,97035.0,0.0,,1.0,,,,,,,666674.0,1555467.0,2015.0,888793.0,19075.84,,,,3,4,1174.0,0
14653,14722372,-0.0141,,,,2.5,2.0,,,2.5,,,1598.0,1598.0,,,,,6059.0,,2.0,2.0,0.0,,,33579574.0,-117728246.0,,,,,,,1,266.0,,60590626.37101,37086.0,1286.0,,96974.0,0.0,,1.0,,,,,,,229699.0,489530.0,2015.0,259831.0,5022.84,,,,3,7,1177.0,0
15231,14662421,-0.0587,,,,2.5,3.0,,,2.5,,,1868.0,1868.0,,,,,6059.0,,2.0,2.0,0.0,,,33647078.0,-117748513.0,,,,,,,1,266.0,,60590626.213,52650.0,1286.0,,96952.0,0.0,,1.0,,,,,,,266148.0,720476.0,2015.0,454328.0,11228.1,,,,3,9,1179.0,0
16495,14460018,-0.1043,,,,3.0,3.0,,,3.0,,,2038.0,2038.0,,,,,6059.0,,3.0,2.0,552.0,,,33525713.0,-117621626.0,2989.0,,,,,,1,261.0,,60590320.612002,15554.0,1286.0,,96998.0,0.0,,,,,,,,,353237.0,525171.0,2015.0,171934.0,9169.3,,,,3,15,1185.0,0
16665,14386944,-0.0222,,,,4.5,5.0,,,4.5,,,3842.0,3842.0,,,,,6059.0,,4.0,2.0,585.0,,,33597907.0,-117727483.0,6160.0,,,,,,1,261.0,,60590626.41103,37086.0,1286.0,,96974.0,0.0,,1.0,,,,,,,651186.0,1138951.0,2015.0,487765.0,17421.26,,,,3,16,1186.0,0
17337,14675059,0.01,,,,2.0,2.0,,,2.0,,,1318.0,1318.0,,,,,6059.0,,2.0,2.0,0.0,,,33697890.0,-117714050.0,,,,,,,1,266.0,,60590524.262074,52650.0,1286.0,403196.0,96952.0,0.0,,,,,,,,,199930.0,531016.0,2015.0,331086.0,9240.82,,,,3,17,1187.0,0
17195,14683038,0.077,,,,1.5,1.0,,,1.5,,,1005.0,1005.0,,,,,6059.0,,1.0,,,,,33704352.0,-117743545.0,,,,,,,1,266.0,,60590524.262052,52650.0,1286.0,403197.0,96954.0,0.0,,1.0,,,,,,,185537.0,374771.0,2015.0,189234.0,7003.78,,,,3,17,1187.0,0
17019,14460016,0.0526,,,,3.0,4.0,,,3.0,,,1856.0,1856.0,,,,,6059.0,,3.0,2.0,453.0,,,33525675.0,-117621603.0,2718.0,,,,,,1,261.0,,60590320.612002,15554.0,1286.0,,96998.0,0.0,,,,,,,,,320387.0,492321.0,2015.0,171934.0,8372.3,,,,3,17,1187.0,0
19557,14607796,-0.003,,,,2.5,1.0,,,2.5,,,1548.0,1548.0,,,,,6059.0,,2.0,2.0,0.0,,,33542374.0,-117642116.0,,,,,,,1,266.0,,60590320.582,52835.0,1286.0,,96998.0,0.0,,1.0,,,,,,,222095.0,428755.0,2015.0,206660.0,6946.6,,,,3,25,1195.0,0
19738,14608520,-0.064,,,,2.0,2.0,,,2.0,,,1212.0,1212.0,,,,,6059.0,,2.0,2.0,0.0,,,33526574.0,-117625317.0,,,,,,,1,266.0,,60590320.612,33840.0,1286.0,,96998.0,0.0,,,,,,,,,189451.0,489626.0,2015.0,300175.0,7349.4,,,,3,28,1198.0,0
20681,14603035,0.0354,,,,2.5,2.0,,,2.5,,,1555.0,1555.0,,,,,6059.0,,2.0,2.0,0.0,,,33707739.0,-117952664.0,,,,,,,1,266.0,,60590992.513003,8384.0,1286.0,,97008.0,0.0,,1.0,,,,,,,203317.0,480851.0,2015.0,277534.0,5442.74,,,,3,30,1200.0,0
20905,14607735,-0.009,,,,3.0,3.0,,,3.0,,,1505.0,1505.0,,,,,6059.0,,3.0,2.0,0.0,,,33542374.0,-117642116.0,,,,,,,1,266.0,,60590320.582,52835.0,1286.0,,96998.0,0.0,,,,,,,,,239334.0,530741.0,2015.0,291407.0,8308.52,,,,3,31,1201.0,0
22758,13871741,0.0315,,,,2.5,3.0,,,2.5,,,1821.0,1821.0,,,,,6059.0,,2.0,,,,,33863685.0,-117938506.0,2704.0,,,,,,1,261.0,,60590111.022,24812.0,1286.0,,97040.0,0.0,,1.0,,,,,,,277410.0,590806.0,2015.0,313396.0,6768.06,,,,4,5,1205.0,0
22649,14603009,0.0119,,,,2.5,3.0,,,2.5,,,1681.0,1681.0,,,,,6059.0,,2.0,2.0,0.0,,,33707739.0,-117951898.0,,,,,,,1,266.0,,60590992.513003,8384.0,1286.0,,97008.0,0.0,,1.0,,,,,,,216101.0,611988.0,2015.0,395887.0,6854.12,,,,4,5,1205.0,0
24702,14618697,-0.0492,,,,2.0,2.0,,,2.0,,,1182.0,1182.0,,,,,6059.0,,2.0,2.0,0.0,,,33694579.0,-117747613.0,,,,,,,1,266.0,,60590524.182,52650.0,1286.0,403197.0,96954.0,0.0,,,,,,,,,191734.0,509005.0,2015.0,317271.0,8304.34,,,,4,12,1212.0,0
24937,14640205,0.1231,,,,2.5,3.0,,,2.5,,,2676.0,2676.0,,,,,6059.0,,2.0,2.0,0.0,,,33905385.0,-117809409.0,,,,,,,1,266.0,,60590218.222,21412.0,1286.0,,97078.0,0.0,,1.0,,,,,,,344940.0,781923.0,2015.0,436983.0,9310.42,,,,4,13,1213.0,0
25214,14386952,-0.0965,,,,4.0,3.0,,,4.0,,,3197.0,3197.0,,,,,6059.0,,4.0,2.0,558.0,,,33598597.0,-117727870.0,8155.0,,,,,,1,261.0,,60590626.41103,37086.0,1286.0,,96974.0,0.0,,,,,,,,,560494.0,1128285.0,2015.0,567791.0,16568.72,,,,4,14,1214.0,0
25472,14196683,0.1398,,,,5.5,5.0,,,5.5,,,5132.0,5132.0,,,,,6059.0,,5.0,4.0,993.0,,,33901479.0,-117776631.0,30514.0,,,,,,1,261.0,,60590218.231012,21412.0,1286.0,,97078.0,0.0,,1.0,,,,,,,1213302.0,2136200.0,2015.0,922898.0,24117.96,,,,4,14,1214.0,0
27465,14636405,-0.0513,,,,2.5,3.0,,,2.5,,,1900.0,1900.0,,,,,6059.0,,2.0,2.0,0.0,,,33701868.0,-117734225.0,,,,,,,1,266.0,,60590524.262054,,1286.0,,96954.0,0.0,,1.0,,,,,,,280256.0,741916.0,2015.0,461660.0,11246.36,,,,4,21,1221.0,0
30553,14459926,-0.0377,,,,2.0,2.0,,,2.0,,,1625.0,1625.0,,,,,6059.0,,2.0,2.0,440.0,,,33525974.0,-117621817.0,5678.0,,,,,,1,261.0,,60590320.612,15554.0,1286.0,,96998.0,0.0,,,,,,,,,238579.0,592547.0,2015.0,353968.0,9100.98,,,,4,29,1229.0,0
36591,14675088,0.1035,,,,2.0,2.0,,,2.0,,,1318.0,1318.0,,,,,6059.0,,2.0,2.0,0.0,,,33697479.0,-117713311.0,,,,,,,1,266.0,,60590524.262074,52650.0,1286.0,403196.0,96952.0,0.0,,,,,,,,,202557.0,593145.0,2015.0,390588.0,9960.96,,,,5,19,1249.0,0
38320,14608546,-0.0747,,,,2.0,2.0,,,2.0,,,1212.0,1212.0,,,,,6059.0,,2.0,2.0,0.0,,,33538374.0,-117641716.0,,,,,,,1,266.0,,60590320.581,52835.0,1286.0,,96998.0,0.0,,,,,,,,,200891.0,507890.0,2015.0,306999.0,7550.46,,,,5,24,1254.0,0
39466,14607711,0.0305,,,,2.0,2.0,,,2.0,,,1361.0,1361.0,,,,,6059.0,,2.0,2.0,0.0,,,33542374.0,-117642116.0,,,,,,,1,266.0,,60590320.582,52835.0,1286.0,,96998.0,0.0,,,,,,,,,208452.0,441164.0,2015.0,232712.0,7307.56,,,,5,26,1256.0,0
40605,14649159,0.0315,,,,3.5,3.0,,,3.5,,,1710.0,1710.0,,,,,6059.0,,3.0,2.0,0.0,,,33650082.0,-117637083.0,,,,,,,1,266.0,,60590320.332002,12773.0,1286.0,,96996.0,0.0,,1.0,,,,,,,236956.0,532419.0,2015.0,295463.0,5584.36,,,,5,31,1261.0,0
40874,14746525,0.4574,,,,2.0,2.0,,,2.0,,,1472.0,1472.0,,,,,6059.0,,2.0,1.0,0.0,,,33651493.0,-117982971.0,,,,,,,1,266.0,,60590992.202017,25218.0,1286.0,,96964.0,0.0,,,,,,,,,223028.0,367192.0,2015.0,144164.0,4322.2,,,,5,31,1261.0,0
44996,14601061,-0.0346,,,,3.0,3.0,,,3.0,,,1832.0,1832.0,,,,,6059.0,,3.0,2.0,0.0,,,33675534.0,-117846433.0,,,,,,,1,266.0,,60590626.101,52650.0,1286.0,273096.0,96947.0,0.0,,,,,,,,,278484.0,724083.0,2015.0,445599.0,11733.26,,,,6,13,1273.0,0
47400,14685201,-0.008,,,,3.0,3.0,,,3.0,,,1518.0,1518.0,,,,,6059.0,,3.0,2.0,0.0,,,33705092.0,-117741960.0,,,,,,,1,266.0,,60590524.262052,52650.0,1286.0,403197.0,96954.0,0.0,,,,,,,,,213273.0,559240.0,2015.0,345967.0,10075.94,,,,6,20,1280.0,0
48952,14675134,0.0834,,,,2.0,2.0,,,2.0,,,1318.0,1318.0,,,,,6059.0,,2.0,2.0,0.0,,,33697405.0,-117711863.0,,,,,,,1,266.0,,60590524.262074,52650.0,1286.0,403196.0,96952.0,0.0,,,,,,,,,198590.0,530505.0,2015.0,331915.0,9306.12,,,,6,24,1284.0,0
56456,14607725,-0.0182,,,,2.0,2.0,,,2.0,,,1361.0,1361.0,,,,,6059.0,,2.0,2.0,0.0,,,33528301.0,-117616718.0,,,,,,,1,266.0,,60590320.564012,52835.0,1286.0,,96998.0,0.0,,,,,,,,,208452.0,413036.0,2015.0,204584.0,6975.22,,,,7,15,1305.0,0
61737,14685195,0.0178,,,,2.0,2.0,,,2.0,,,1378.0,1378.0,,,,,6059.0,,2.0,2.0,0.0,,,33705016.0,-117742155.0,,,,,,,1,266.0,,60590524.262052,52650.0,1286.0,403197.0,96954.0,0.0,,,,,,,,,192319.0,466676.0,2015.0,274357.0,7936.82,,,,7,29,1319.0,0
61895,14607721,-0.0131,,,,2.5,2.0,,,2.5,,,1583.0,1583.0,,,,,6059.0,,2.0,2.0,0.0,,,33528306.0,-117616692.0,,,,,,,1,266.0,,60590320.564012,52835.0,1286.0,,96998.0,0.0,,1.0,,,,,,,250541.0,497426.0,2015.0,246885.0,7925.4,,,,8,1,1321.0,0
64116,14683311,-0.003,,,,2.5,3.0,,,2.5,,,1654.0,1654.0,,,,,6059.0,,2.0,2.0,0.0,,,33706266.0,-117746219.0,,,,,,,1,266.0,,60590524.262052,52650.0,1286.0,403197.0,96954.0,0.0,,1.0,,,,,,,240019.0,637103.0,2015.0,397084.0,10331.56,,,,8,8,1328.0,0
66117,14600784,-0.0661,,,,3.5,3.0,,,3.5,,,2318.0,2318.0,,,,,6059.0,,3.0,2.0,0.0,,,33675361.0,-117846424.0,,,,,,,1,266.0,,60590626.101,52650.0,1286.0,273096.0,96947.0,0.0,,1.0,,,,,,,318069.0,796594.0,2015.0,478525.0,12837.62,,,,8,15,1335.0,0
68370,14636635,0.0421,,,,2.5,4.0,,,2.5,,,2100.0,2100.0,,,,,6059.0,,2.0,2.0,0.0,,,33928937.0,-117942019.0,,,,,,,1,266.0,,60590012.023023,18874.0,1286.0,,96186.0,0.0,,1.0,,,,,,,276838.0,562809.0,2015.0,285971.0,6480.82,,,60374077022019.0,8,22,1342.0,0
70463,14601054,-0.0192,,,,3.0,3.0,,,3.0,,,2290.0,2290.0,,,,,6059.0,,3.0,2.0,0.0,,,33676095.0,-117846040.0,,,,,,,1,266.0,,60590626.101,52650.0,1286.0,273096.0,96947.0,0.0,,,,,,,,,324087.0,801694.0,2015.0,477607.0,12895.44,,,,8,26,1346.0,0
74054,14153934,0.01,,,,2.5,3.0,,,2.5,,,1625.0,1625.0,,,,,6059.0,,2.0,2.0,442.0,,,33937486.0,-117901905.0,3406.0,,,,,,1,261.0,,60590015.061,17150.0,1286.0,,97035.0,0.0,,1.0,,,,,,,247167.0,530257.0,2015.0,283090.0,7038.84,,,,9,8,1358.0,0
74525,13963289,0.0237,,,,2.5,4.0,,,2.5,,,2734.0,2734.0,,,,,6059.0,,2.0,2.0,435.0,,,33702280.0,-117763613.0,4530.0,,,,,,1,261.0,,60590524.173,52650.0,1286.0,276486.0,96954.0,0.0,,1.0,,,,,,,506717.0,1081436.0,2015.0,574719.0,14801.96,,,,9,9,1359.0,0
75631,14636609,0.0129,,,,2.5,3.0,,,2.5,,,1812.0,1812.0,,,,,6059.0,,2.0,2.0,0.0,,,33928486.0,-117944304.0,,,,,,,1,266.0,,60590012.023,18874.0,1286.0,,96186.0,0.0,,1.0,,,,,,,237048.0,471286.0,2015.0,234238.0,5470.12,,,,9,13,1363.0,0
79637,14459752,0.0296,,,,3.0,4.0,,,3.0,,,2507.0,2507.0,,,,,6059.0,,3.0,2.0,432.0,,,33526530.0,-117620711.0,3611.0,,,,,,1,261.0,,60590320.612002,15554.0,1286.0,,96998.0,0.0,,,,,,,,,430722.0,767942.0,2015.0,337220.0,12182.68,,,,9,27,1377.0,0
81600,14068945,0.0178,,,,4.5,4.0,,,4.5,,,2758.0,2758.0,,,,,6059.0,,4.0,2.0,419.0,,,33711011.0,-118048661.0,3826.0,,,,,,1,261.0,,60590994.171033,25218.0,1286.0,,96967.0,0.0,,1.0,,,,,,,589381.0,1312350.0,2015.0,722969.0,14659.74,,,,9,30,1380.0,0
81630,14459603,-0.007,,,,2.5,2.0,,,2.5,,,2175.0,2175.0,,,,,6059.0,,2.0,2.0,446.0,,,33526574.0,-117625317.0,7234.0,,,,,,1,261.0,,60590320.612,33840.0,1286.0,,96998.0,0.0,,1.0,,,,,,,369175.0,1077608.0,2015.0,708433.0,16098.6,,,,9,30,1380.0,0
82937,14640204,0.098,,,,2.5,3.0,,,2.5,,,2297.0,2297.0,,,,,6059.0,,2.0,4.0,0.0,,,33905385.0,-117809409.0,,,,,,,1,266.0,,60590218.222,21412.0,1286.0,,97078.0,0.0,,1.0,,,,,,,312585.0,707146.0,2015.0,394561.0,8485.12,,,,10,6,1386.0,0
85261,14608622,0.0383,,,,2.5,3.0,,,2.5,,,1732.0,1732.0,,,,,6059.0,,2.0,2.0,0.0,,,33525974.0,-117621817.0,,,,,,,1,266.0,,60590320.612,15554.0,1286.0,,96998.0,0.0,,1.0,,,,,,,249447.0,508439.0,2015.0,258992.0,8475.14,,,,10,14,1394.0,0
86592,14459728,-0.004,,,,3.0,4.0,,,3.0,,,2507.0,2507.0,,,,,6059.0,,3.0,2.0,432.0,,,33527007.0,-117621441.0,4053.0,,,,,,1,261.0,,60590320.612002,15554.0,1286.0,,96998.0,0.0,,,,,,,,,419580.0,762900.0,2015.0,343320.0,12502.64,,,,10,28,1408.0,0
3480,14357647,-0.0284,,,,3.0,3.0,,,3.0,,,2640.0,2640.0,,,,,6059.0,,3.0,,,,,33704043.0,-117737047.0,3833.0,,,,,,1,261.0,,60590524.262052,52650.0,1286.0,403197.0,96954.0,0.0,,,,,,,,,450966.0,947803.0,2015.0,496837.0,13763.88,,,,1,19,1489.0,0
9572,14636520,0.006,,,,2.5,3.0,,,2.5,,,2034.0,2034.0,,,,,6059.0,,2.0,2.0,0.0,,,33697230.0,-117710621.0,,,,,,,1,266.0,,60590524.262084,52650.0,1286.0,403196.0,96952.0,0.0,,1.0,,,,,,,260544.0,693477.0,2015.0,432933.0,11416.44,,,,2,16,1516.0,0
11471,14682921,0.01,,,,1.5,1.0,,,1.5,,,1005.0,1005.0,,,,,6059.0,,1.0,,,,,33704352.0,-117743545.0,,,,,,,1,266.0,,60590524.262052,52650.0,1286.0,403197.0,96954.0,0.0,,1.0,,,,,,,185344.0,358111.0,2015.0,172767.0,6769.14,,,,2,24,1524.0,0
12004,14762125,0.0354,,,,2.5,4.0,,,2.5,,,2522.0,2522.0,,,,,6059.0,,2.0,2.0,507.0,,,33634960.0,-117833472.0,,,,,,,1,261.0,,60590626.141009,52650.0,1286.0,275795.0,96951.0,0.0,,1.0,,,,,,,530770.0,544416.0,2015.0,13646.0,5587.72,,,,2,26,1526.0,0
18482,14685149,-0.0534,,,,2.0,2.0,,,2.0,,,1378.0,1378.0,,,,,6059.0,,2.0,2.0,0.0,,,33706059.0,-117742797.0,,,,,,,1,266.0,,60590524.262052,52650.0,1286.0,403197.0,96954.0,0.0,,,,,,,,,193969.0,457386.0,2015.0,263417.0,7909.32,,,,3,23,1553.0,0
19846,14637093,-0.0834,,,,3.0,4.0,,,3.0,,,2117.0,2117.0,,,,,6059.0,,3.0,2.0,0.0,,,33703786.0,-117733862.0,,,,,,,1,266.0,,60590524.262052,52650.0,1286.0,403197.0,96954.0,0.0,,,,,,,,,354739.0,729993.0,2015.0,375254.0,11100.32,,,,3,28,1558.0,0
21512,14310905,-0.005,,,,2.5,3.0,,,2.5,,,2268.0,2268.0,,,,,6059.0,,2.0,2.0,427.0,,,33660088.0,-117804958.0,3479.0,,,,,,1,261.0,,60590626.124004,52650.0,1286.0,275824.0,96947.0,0.0,,1.0,,,,,,,389474.0,1215816.0,2015.0,826342.0,12508.3,,,,3,31,1561.0,0
31668,14682987,-0.0101,,,,1.5,1.0,,,1.5,,,1005.0,1005.0,,,,,6059.0,,1.0,,,,,33704352.0,-117743545.0,,,,,,,1,266.0,,60590524.262052,52650.0,1286.0,403197.0,96954.0,0.0,,1.0,,,,,,,181711.0,348777.0,2015.0,167066.0,6677.62,,,,5,3,1593.0,0
35524,14686892,-0.004,,,,2.0,2.0,,,2.0,,,1545.0,1545.0,,,,,6059.0,,2.0,2.0,0.0,,,33698086.0,-117744976.0,,,,,,,1,266.0,,60590524.182004,52650.0,1286.0,403197.0,96954.0,0.0,,,,,,,,,257020.0,507758.0,2015.0,250738.0,8286.78,,,,5,16,1606.0,0
36862,14682954,-0.001,,,,1.5,1.0,,,1.5,,,1005.0,1005.0,,,,,6059.0,,1.0,,,,,33704352.0,-117743545.0,,,,,,,1,266.0,,60590524.262052,52650.0,1286.0,403197.0,96954.0,0.0,,1.0,,,,,,,181711.0,349745.0,2015.0,168034.0,6687.74,,,,5,19,1609.0,0
37841,14685096,-0.0555,,,,3.0,3.0,,,3.0,,,1518.0,1518.0,,,,,6059.0,,3.0,2.0,0.0,,,33706059.0,-117742797.0,,,,,,,1,266.0,,60590524.262052,52650.0,1286.0,403197.0,96954.0,0.0,,,,,,,,,207907.0,523172.0,2015.0,315265.0,8594.3,,,,5,23,1613.0,0
40998,14360850,0.0953,,,,3.0,4.0,,,3.0,,,2912.0,2912.0,,,,,6059.0,,3.0,2.0,436.0,,,33640391.0,-117755872.0,4410.0,,,,,,1,261.0,,60590626.213009,52650.0,1286.0,,96952.0,0.0,,,,,,,,,472871.0,1085304.0,2015.0,612433.0,15829.76,,,,6,1,1621.0,0
74577,14649114,-0.0121,,,,3.0,4.0,,,3.0,,,1901.0,1901.0,,,,,6059.0,,3.0,,,,,33623916.0,-117681574.0,,,,,,,1,266.0,,60590320.28201,12773.0,1286.0,,96995.0,0.0,,,,,,,,,241544.0,491802.0,2015.0,250258.0,5087.34,,,,9,9,1719.0,0
75984,14360789,-0.0305,,,,3.0,4.0,,,3.0,,,2459.0,2459.0,,,,,6059.0,,3.0,2.0,457.0,,,33644197.0,-117757863.0,4851.0,,,,,,1,261.0,,60590626.213009,52650.0,1286.0,,96952.0,0.0,,,,,,,,,374763.0,907937.0,2015.0,533174.0,13833.54,,,,9,14,1724.0,0
77099,14722325,-0.002,,,,2.5,2.0,,,2.5,,,1598.0,1598.0,,,,,6059.0,,2.0,2.0,0.0,,,33578836.0,-117727356.0,,,,,,,1,266.0,,60590626.371009,37086.0,1286.0,,96974.0,0.0,,1.0,,,,,,,216271.0,426662.0,2015.0,210391.0,4347.24,,,,9,19,1729.0,0
14192,14683036,-0.0377,,,,2.0,2.0,,,2.0,,,1365.0,1365.0,,,,,6059.0,,2.0,2.0,0.0,,,33704180.0,-117742913.0,,,,,,,1,266.0,,60590524.262,52650.0,1286.0,403197.0,96954.0,0.0,,,,,,,,,239057.0,537404.0,2015.0,298347.0,8636.68,,,,3,4,1894.0,0
24183,14599012,0.0667,,,,2.5,3.0,,,2.5,,,2035.0,2035.0,,,,,6059.0,,2.0,2.0,0.0,,,33705820.0,-117723703.0,,,,,,,1,266.0,,60590524.26207,,1286.0,,96952.0,0.0,,1.0,,,,,,,327579.0,527453.0,2015.0,199874.0,9033.46,,,,4,11,1931.0,0
12055,14762088,0.1832,,,,2.5,3.0,,,2.5,,,2049.0,2049.0,,,,,6059.0,,2.0,2.0,460.0,,,33633712.0,-117837223.0,4565.0,,,,,,1,261.0,,60590626.141009,52650.0,1286.0,275795.0,96951.0,0.0,,1.0,,,,,,,403409.0,420467.0,2015.0,17058.0,4335.0,,,,2,26,2966.0,0
35487,14662207,-0.1393,,,,2.0,2.0,,,2.0,,,1317.0,1317.0,,,,,6059.0,,2.0,1.0,0.0,,,33615915.0,-117931525.0,,,,,,,1,266.0,,60590635.003049,53571.0,1286.0,,96981.0,0.0,,,,,,,,,206664.0,983621.0,2015.0,776957.0,10824.42,,,60376510022007.0,5,16,4126.0,0
50092,14648291,-0.0545,,,,2.0,2.0,,,2.0,,,1293.0,1293.0,,,,,6059.0,,2.0,2.0,0.0,,,33546073.0,-117637812.0,,,,,,,1,266.0,,60590320.592003,52835.0,1286.0,,96998.0,0.0,,,,,,,,,179747.0,388925.0,2015.0,209178.0,5765.32,,,60374033213011.0,6,28,4168.0,0
69512,14662183,-0.0976,,,,2.5,3.0,,,2.5,,,1242.0,1242.0,,,,,6059.0,,2.0,1.0,0.0,,,33616376.0,-117933869.0,,,,,,,1,266.0,,60590635.005021,53571.0,1286.0,,96981.0,0.0,,1.0,,,,,,,180313.0,1136000.0,2015.0,955687.0,12266.3,,,60375439051016.0,8,25,6025.0,0
14801,14700400,-0.0356,,,,2.0,2.0,,,2.0,,,1252.0,1252.0,,,,,6059.0,,2.0,1.0,0.0,,,33883770.0,-117731775.0,,,,,,,1,266.0,,60590218.271017,21412.0,1286.0,,97079.0,0.0,,,,,,,,,194850.0,273226.0,2015.0,78376.0,3707.58,,,,3,8,10178.0,0
75044,14663709,0.0276,,,,1.5,2.0,,,1.5,,,1352.0,1352.0,,,,,6059.0,,1.0,2.0,0.0,,24.0,33917834.0,-117954894.0,,,,,,,34,266.0,,60590013.031005,18874.0,1286.0,,96186.0,5.0,,1.0,,,,,,,110671.0,295748.0,2015.0,185077.0,3607.76,,,,9,12,13602.0,0
16352,14677098,-0.0274,1.0,,,2.0,3.0,,,2.0,,,1401.0,1401.0,,,,,6059.0,,2.0,2.0,0.0,,6.0,33686141.0,-117796344.0,,1.0,,,,1.0,34,266.0,,60590525.113003,52650.0,1286.0,276119.0,96941.0,5.0,,,6.0,,,,1.0,True,126287.0,370448.0,2015.0,244161.0,3892.34,,,,3,15,14145.0,0
37987,14232116,-0.003,,,,2.0,3.0,,,2.0,,,1882.0,1882.0,,,,,6059.0,1.0,2.0,2.0,478.0,,,33809945.0,-117788573.0,6600.0,,,,,,122,261.0,,60590219.171002,33252.0,1286.0,,97067.0,7.0,,,,,,,1.0,,130297.0,335732.0,2015.0,205435.0,7580.14,,,,5,23,14573.0,0
32841,14334939,-0.0619,,,,3.5,2.0,,,3.5,,,3222.0,3222.0,,,,,6059.0,2.0,3.0,2.0,704.0,,,33756756.0,-117776440.0,23100.0,,,,,,122,261.0,,60590756.064004,40081.0,1286.0,,97005.0,9.0,,1.0,,,,,1.0,,249640.0,772464.0,2015.0,522824.0,8797.5,,,60375001001020.0,5,6,17796.0,0
20959,13896678,0.0198,,,,2.0,3.0,,,2.0,,,1127.0,1127.0,,,,,6059.0,,2.0,1.0,264.0,,,33499396.0,-117737806.0,4375.0,,,,,,1,261.0,,60590423.051055,52842.0,1286.0,,96969.0,0.0,,,,,,,,,85776.0,521732.0,2015.0,435956.0,6603.72,,,,3,31,21001.0,0
37603,13876661,0.0198,,,,1.0,2.0,,,1.0,,,1099.0,1099.0,,,,,6059.0,,1.0,1.0,341.0,,,33844686.0,-117930575.0,,,,,,,1,261.0,,60590866.023014,16764.0,1286.0,275695.0,97020.0,0.0,,,,,,,,,43283.0,346793.0,2015.0,303510.0,4285.9,,,,5,20,23570.0,0
6957,14685322,0.002,,,,0.0,0.0,,,,,,,,,,,,6059.0,,,,,,,33708530.0,-117746479.0,,,,,,,1,266.0,,60590524.262052,52650.0,1286.0,403197.0,96954.0,0.0,,,,,,,,,249271.0,686569.0,2015.0,437298.0,10859.54,,,,2,2,,0
8871,14068919,-0.596,,,,0.0,0.0,,,,,,,,,,,,6059.0,,,,,,,33709783.0,-118048514.0,6932.0,,,,,,1,261.0,,60590994.171055,25218.0,1286.0,,96967.0,0.0,,,,,,,,,890575.0,905938.0,2015.0,15363.0,10223.8,,,,2,11,,0
10011,14273471,0.3591,,,,0.0,0.0,,,,,,,,,,,,6059.0,,,,,,,33646763.0,-117928749.0,,,,,,,1,261.0,,60590637.012002,38032.0,1286.0,,96959.0,0.0,,,,,,,,,100422.0,259956.0,2015.0,159534.0,4668.2,,,,2,18,,0
10344,14599571,0.0714,,,,0.0,0.0,,,,,,,,,,,,6059.0,,,,,,,33700372.0,-117729267.0,,,,,,,1,266.0,,60590524.26208,52650.0,1286.0,403196.0,96952.0,0.0,,,,,,,,,205588.0,491358.0,2015.0,285770.0,8389.54,,,,2,19,,0
11870,14663558,0.0178,,,,0.0,0.0,,,,,,,,,,,,6059.0,,,,,,,33829484.0,-117908707.0,,,,,,,1,266.0,,60590874.011,16764.0,1286.0,275470.0,97024.0,0.0,,,,,,,,,177546.0,436505.0,2015.0,258959.0,5223.28,,,,2,25,,0
13126,14340856,0.0611,,,,0.0,0.0,,,,,,,,,,,,6059.0,,,,,,,33737292.0,-117759541.0,,,,,,,1,261.0,,60590524.201058,52650.0,1286.0,403127.0,96939.0,0.0,,,,,,,,,593202.0,1449202.0,2015.0,856000.0,23167.78,,,,3,1,,0
13388,14355387,0.0516,,,,0.0,0.0,,,,,,,,,,,,6059.0,,,,,,,33708228.0,-117742247.0,,,,,,,1,261.0,,60590524.262052,52650.0,1286.0,403197.0,96954.0,0.0,,,,,,,,,,1928.0,2015.0,1928.0,14010.9,,,,3,2,,0
20503,14273473,0.3221,,,,0.0,0.0,,,,,,,,,,,,6059.0,,,,,,,33646719.0,-117928794.0,,,,,,,1,261.0,,60590637.012002,38032.0,1286.0,,96959.0,0.0,,,,,,,,,100422.0,231709.0,2015.0,131287.0,4377.44,,,,3,30,,0
20577,14367011,0.009,,,,0.0,0.0,,,,,,,,,,,,6059.0,,,,,,,33670179.0,-117685315.0,,,,,,,1,261.0,,60590524.222,,1286.0,,96962.0,0.0,,,,,,,,,495891.0,786330.0,2015.0,290439.0,8975.32,,,,3,30,,0
20721,14682673,0.0139,,,,0.0,0.0,,,,,,,,,,,,6059.0,,,,,,,33831801.0,-117912201.0,,,,,,,1,266.0,,60590873.003014,16764.0,1286.0,275695.0,97024.0,0.0,,,,,,,,,222151.0,256779.0,2015.0,34628.0,6307.44,,,,3,30,,0
21597,14174827,-0.2194,,,,0.0,0.0,,,,,,,,,,,,6059.0,,,,,,,33892000.0,-117887313.0,,,,,,,1,261.0,,60590016.025006,24812.0,1286.0,,97039.0,0.0,,,,,,,,,415331.0,645672.0,2015.0,230341.0,12070.0,,,,3,31,,0
23568,14608594,-0.0398,,,,0.0,0.0,,,,,,,,,,,,6059.0,,,,,,,33524544.0,-117623651.0,,,,,,,1,266.0,,60590320.612002,52835.0,1286.0,764108.0,96998.0,0.0,,,,,,,,,252092.0,636862.0,2015.0,384770.0,9407.28,,,,4,8,,0
23628,14273474,0.1865,,,,0.0,0.0,,,,,,,,,,,,6059.0,,,,,,,33646623.0,-117928792.0,,,,,,,1,261.0,,60590637.012002,38032.0,1286.0,,96959.0,0.0,,,,,,,,,100422.0,265733.0,2015.0,165311.0,4739.98,,,,4,8,,0
23950,14663612,0.098,,,,0.0,0.0,,,,,,,,,,,,6059.0,,,,,,,33829484.0,-117908707.0,,,,,,,1,266.0,,60590874.011,16764.0,1286.0,275470.0,97024.0,0.0,,,,,,,,,170073.0,414383.0,2015.0,244310.0,5050.2,,,,4,8,,0
25418,14366855,-0.0877,,,,0.0,0.0,,,,,,,,,,,,6059.0,,,,,,,33670799.0,-117684619.0,,,,,,,1,261.0,,60590524.222024,32380.0,1286.0,,96962.0,0.0,,,,,,,,,578479.0,1061045.0,2015.0,482566.0,11163.7,,,,4,14,,0
28767,14272449,0.1553,,,,0.0,0.0,,,,,,,,,,,,6059.0,,,,,,,33649700.0,-117922000.0,,,,,,,1,261.0,,60590637.025001,38032.0,1286.0,,96959.0,0.0,,,,,,,,,159058.0,247002.0,2015.0,87944.0,4378.06,,,,4,26,,0
32277,14728877,0.004,,,,0.0,0.0,,,,,,,,,,,,6059.0,,,,,,,33650400.0,-117918000.0,,,,,,,1,266.0,,60590637.021005,38032.0,1286.0,,96965.0,0.0,,,,,,,,,277707.0,586488.0,2015.0,308781.0,6825.8,,,,5,5,,0
32957,13863926,-0.2575,,,,0.0,0.0,,,,,,,,,,,,6059.0,,,,,,,33659536.0,-117995821.0,,,,,,,1,261.0,,60590993.064007,,1286.0,,96966.0,0.0,,,,,,,,,258406.0,586517.0,2015.0,328111.0,11125.6,,,,5,6,,0
33255,14273472,0.1249,,,,0.0,0.0,,,,,,,,,,,,6059.0,,,,,,,33646815.0,-117928796.0,,,,,,,1,261.0,,60590637.012002,38032.0,1286.0,,96959.0,0.0,,,,,,,,,100422.0,229672.0,2015.0,129250.0,4355.74,,,,5,9,,0
34943,14707494,-0.2095,,,,0.0,0.0,,,,,,,,,,,,6059.0,,,,,,,33723568.0,-118051714.0,,,,,,,1,266.0,,60590995.084023,25218.0,1286.0,,96967.0,0.0,,,,,,,,,8328.0,162926.0,2015.0,154598.0,1956.56,,,,5,13,,0
35289,13863925,-0.3188,,,,0.0,0.0,,,,,,,,,,,,6059.0,,,,,,,33659533.0,-117995821.0,,,,,,,1,261.0,,60590993.064007,,1286.0,,96966.0,0.0,,,,,,,,,258818.0,586929.0,2015.0,328111.0,11131.16,,,,5,16,,0
35584,14460144,0.0334,,,,0.0,0.0,,,,,,,,,,,,6059.0,,,,,,,33528275.0,-117625125.0,,,,,,,1,261.0,,60590320.612,33840.0,1286.0,,96998.0,0.0,,,,,,,,,430215.0,840097.0,2015.0,409882.0,13579.68,,,,5,16,,0
36765,14272444,0.0497,,,,0.0,0.0,,,,,,,,,,,,6059.0,,,,,,,33649700.0,-117922000.0,,,,,,,1,261.0,,60590637.025001,38032.0,1286.0,,96959.0,0.0,,,,,,,,,159058.0,247004.0,2015.0,87946.0,4378.1,,,,5,19,,0
39254,13920449,-0.1267,,,,0.0,0.0,,,,,,,,,,,,6059.0,,,,,,,33806984.0,-118009604.0,,,,,,,1,261.0,,60590878.012,42967.0,1286.0,,96203.0,0.0,,,,,,,,,385570.0,499224.0,2015.0,113654.0,8372.62,,,,5,26,,0
40995,14358700,0.0402,,,,0.0,0.0,,,,,,,,,,,,6059.0,,,,,,,33696991.0,-117728937.0,,,,,,,1,261.0,,60590524.26208,52650.0,1286.0,403196.0,96952.0,0.0,,,,,,,,,557065.0,1550880.0,2015.0,993815.0,24578.74,,,,6,1,,0
41093,14618521,-0.1324,,,,0.0,0.0,,,,,,,,,,,,6059.0,,,,,,,33682456.0,-117758301.0,,,,,,,1,266.0,,60590524.184035,52650.0,1286.0,276581.0,96954.0,0.0,,,,,,,,,320653.0,795580.0,2015.0,474927.0,11719.08,,,,6,1,,0
41760,14358694,0.0497,,,,0.0,0.0,,,,,,,,,,,,6059.0,,,,,,,33697357.0,-117728898.0,,,,,,,1,261.0,,60590524.26208,52650.0,1286.0,403196.0,96952.0,0.0,,,,,,,,,605260.0,1503636.0,2015.0,898376.0,24951.2,,,,6,2,,0
43249,14682667,0.0363,,,,0.0,0.0,,,,,,,,,,,,6059.0,,,,,,,33832000.0,-117913000.0,,,,,,,1,266.0,,60590873.003014,16764.0,1286.0,275695.0,97024.0,0.0,,,,,,,,,193110.0,422394.0,2015.0,229284.0,5062.88,,,,6,7,,0
52251,14633116,-0.0171,,,,0.0,0.0,,,,,,,,,,,,6059.0,,,,,,,33694983.0,-117731082.0,,,,,,,1,266.0,,60590524.26208,52650.0,1286.0,403196.0,96952.0,0.0,,,,,,,,,437640.0,832293.0,2015.0,394653.0,14076.48,,,,7,1,,0
53338,14663584,-0.0161,,,,0.0,0.0,,,,,,,,,,,,6059.0,,,,,,,33829484.0,-117908707.0,,,,,,,1,266.0,,60590874.011,16764.0,1286.0,275470.0,97024.0,0.0,,,,,,,,,173736.0,321191.0,2015.0,147455.0,3912.6,,,,7,7,,0
55002,14277860,-0.0715,,,,0.0,0.0,,,,,,,,,,,,6059.0,,,,,,,33639931.0,-117941878.0,,,,,,,1,261.0,,60590636.042004,38032.0,1286.0,,96959.0,0.0,,,,,,,,,280350.0,710959.0,2015.0,430609.0,8156.06,,,,7,12,,0
61896,14682687,-0.0492,,,,0.0,0.0,,,,,,,,,,,,6059.0,,,,,,,33831100.0,-117913000.0,,,,,,,1,266.0,,60590873.003014,16764.0,1286.0,275695.0,97024.0,0.0,,,,,,,,,122084.0,285830.0,2015.0,163746.0,3510.66,,,,8,1,,0
67250,14633102,-0.1532,,,,0.0,0.0,,,,,,,,,,,,6059.0,,,,,,,33696085.0,-117731017.0,,,,,,,1,266.0,,60590524.26208,52650.0,1286.0,403196.0,96952.0,0.0,,,,,,,,,486276.0,866202.0,2015.0,379926.0,15388.1,,,,8,17,,0
67948,14688127,-0.004,,,,0.0,0.0,,,,,,,,,,,,6059.0,,,,,,,33829968.0,-118045661.0,,,,,,,1,266.0,,60591101.112013,44833.0,1286.0,,96185.0,0.0,,,,,,,,,191440.0,499688.0,2015.0,308248.0,5837.86,,,,8,19,,0
71406,14682809,0.0788,,,,0.0,0.0,,,,,,,,,,,,6059.0,,,,,,,33829484.0,-117908707.0,,,,,,,1,266.0,,60590874.011,16764.0,1286.0,275470.0,97024.0,0.0,,,,,,,,,177546.0,421965.0,2015.0,244419.0,5058.0,,,,8,30,,0
73813,14608509,-0.0726,,,,0.0,0.0,,,,,,,,,,,,6059.0,,,,,,,33526574.0,-117625317.0,,,,,,,1,266.0,,60590320.612,33840.0,1286.0,,96998.0,0.0,,,,,,,,,240229.0,567006.0,2015.0,326777.0,8575.54,,,,9,7,,0
78567,14682821,-0.003,,,,0.0,0.0,,,,,,,,,,,,6059.0,,,,,,,33829484.0,-117908707.0,,,,,,,1,266.0,,60590874.011,16764.0,1286.0,275470.0,97024.0,0.0,,,,,,,,,109707.0,249900.0,2015.0,140193.0,3102.28,,,,9,22,,0
80674,14367791,2.124,,,,0.0,0.0,,,,,,,,,,,,6059.0,,,,,,,33673179.0,-117657716.0,,,,,,,1,261.0,,60590524.272,,1286.0,,96962.0,0.0,,,,,,,,,2255544.0,4074029.0,2015.0,1818485.0,43143.7,,,,9,30,,0
85418,13897862,-0.1439,,,,0.0,0.0,,,,,,,,,,,,6059.0,,,,,,,33433878.0,-117622513.0,7028.0,,,,,,1,261.0,,60590421.071009,13693.0,1286.0,,96982.0,0.0,,,,,,,,,188077.0,590569.0,2015.0,402492.0,10317.98,Y,13.0,,10,14,,0
88655,14707548,0.0469,,,,0.0,0.0,,,,,,,,,,,,6059.0,,,,,,,33723600.0,-118053000.0,,,,,,,1,266.0,,60590995.084023,25218.0,1286.0,,96967.0,0.0,,,,,,,,,115930.0,420326.0,2015.0,304396.0,4854.28,,,,12,2,,0
